丁香医生,穷游锦囊
张佳玮,穷游锦囊
李淼,穷游锦囊
Lens,穷游锦囊
周源,穷游锦囊
黄继新,穷游锦囊
vczh,斌卡
李淼,斌卡
KnowYourself,斌卡
cOMMANDO,斌卡
肥肥猫,斌卡
chenqin,斌卡
黄继新,斌卡
何明科,斌卡
汪惟,斌卡
马力,斌卡
张佳玮,斌卡
Raymond Wang,斌卡
周源,斌卡
talich,斌卡
梁边妖,斌卡
马伯庸,斌卡
葛巾,斌卡
知乎日报,王尼玛
朱炫,王尼玛
张亮,王尼玛
周源,王尼玛
马力,肥肥猫
warfalcon,肥肥猫
黄继新,肥肥猫
Jennyyy,肥肥猫
梁边妖,肥肥猫
朱炫,肥肥猫
动机在杭州,肥肥猫
Raymond Wang,肥肥猫
汪惟,肥肥猫
葛巾,肥肥猫
知科技,张亮
知乎日报,张亮
何明科,张亮
动机在杭州,张亮
刘看山,张亮
chenqin,张亮
Jennyyy,张亮
Lens,张亮
王尼玛,张亮
李松蔚,张亮
无耻采铜,张亮
Nordenbox,张亮
梁边妖,张亮
朱炫,张亮
葛巾,张亮
cOMMANDO,张亮
汪惟,张亮
程毅南,张亮
Raymond Wang,张亮
李淼,张亮
张佳玮,张亮
马伯庸,张亮
magasa,张亮
李开复,张亮
张小北,张亮
talich,张亮
黄继新,张亮
周源,张亮
丁香医生,动机在杭州
KnowYourself,动机在杭州
张译,动机在杭州
寺主人,动机在杭州
肥肥猫,动机在杭州
高科,动机在杭州
陈柏龄,动机在杭州
马伯庸,动机在杭州
talich,动机在杭州
李淼,动机在杭州
朱炫,动机在杭州
田吉顺,动机在杭州
张小北,动机在杭州
陈章鱼,动机在杭州
张亮,动机在杭州
汪惟,动机在杭州
马力,动机在杭州
Raymond Wang,动机在杭州
梁边妖,动机在杭州
cOMMANDO,动机在杭州
李松蔚,动机在杭州
葛巾,动机在杭州
magasa,动机在杭州
周源,动机在杭州
chenqin,动机在杭州
Nordenbox,动机在杭州
周晓农,动机在杭州
程毅南,动机在杭州
maggie,动机在杭州
菠菜,动机在杭州
warfalcon,动机在杭州
张佳玮,动机在杭州
黄继新,动机在杭州
无耻采铜,动机在杭州
李开复,动机在杭州
马力,李淼
穷游锦囊,李淼
丁香医生,李淼
陈柏龄,李淼
李松蔚,李淼
动机在杭州,李淼
高科,李淼
寺主人,李淼
马伯庸,李淼
葛巾,李淼
陈章鱼,李淼
程毅南,李淼
张佳玮,李淼
Nordenbox,李淼
张小北,李淼
Raymond Wang,李淼
warfalcon,李淼
田吉顺,李淼
chenqin,李淼
maggie,李淼
talich,李淼
张亮,李淼
cOMMANDO,李淼
无耻采铜,李淼
周晓农,李淼
黄继新,李淼
李开复,李淼
周源,李淼
中国科普博览,chenqin
程毅南,chenqin
汪惟,chenqin
动机在杭州,chenqin
葛巾,chenqin
magasa,chenqin
周晓农,chenqin
talich,chenqin
maggie,chenqin
田吉顺,chenqin
Raymond Wang,chenqin
黄继新,chenqin
李淼,chenqin
知科技,周源
知乎日报,周源
汪惟,周源
KnowYourself,周源
刘看山,周源
朱炫,周源
何明科,周源
中国科普博览,周源
Lens,周源
张译,周源
斌卡,周源
李松蔚,周源
梁边妖,周源
动机在杭州,周源
王尼玛,周源
葛巾,周源
程毅南,周源
陈章鱼,周源
warfalcon,周源
chenqin,周源
magasa,周源
Nordenbox,周源
cOMMANDO,周源
maggie,周源
李淼,周源
Raymond Wang,周源
无耻采铜,周源
张佳玮,周源
马伯庸,周源
张小北,周源
李开复,周源
周晓农,周源
talich,周源
黄继新,周源
张亮,周源
马力,李开复
周源,李开复
黄继新,李开复
张亮,李开复
刘看山,maggie
张亮,maggie
寺主人,maggie
Lens,maggie
丁香医生,maggie
何明科,maggie
李淼,maggie
朱炫,maggie
马伯庸,maggie
梁边妖,maggie
李松蔚,maggie
程毅南,maggie
陈章鱼,maggie
菠菜,maggie
动机在杭州,maggie
Nordenbox,maggie
周源,maggie
chenqin,maggie
warfalcon,maggie
talich,maggie
田吉顺,maggie
cOMMANDO,maggie
magasa,maggie
张佳玮,maggie
马力,maggie
无耻采铜,maggie
黄继新,maggie
张小北,maggie
周晓农,maggie
李开复,maggie
黄继新,无耻采铜
张佳玮,无耻采铜
vczh,无耻采铜
talich,无耻采铜
Nordenbox,无耻采铜
李淼,无耻采铜
葛巾,无耻采铜
田吉顺,无耻采铜
马力,无耻采铜
陈柏龄,无耻采铜
周源,无耻采铜
梁边妖,无耻采铜
动机在杭州,无耻采铜
张亮,无耻采铜
肥肥猫,陈柏龄
周源,陈柏龄
寺主人,陈柏龄
李松蔚,陈柏龄
梁边妖,陈柏龄
无耻采铜,陈柏龄
chenqin,陈柏龄
马伯庸,陈柏龄
葛巾,陈柏龄
周晓农,陈柏龄
maggie,陈柏龄
程毅南,陈柏龄
张小北,陈柏龄
高科,陈柏龄
Raymond Wang,陈柏龄
warfalcon,陈柏龄
黄继新,陈柏龄
李淼,陈柏龄
菠菜,陈柏龄
张佳玮,陈柏龄
张译,朱炫
王尼玛,朱炫
肥肥猫,朱炫
动机在杭州,朱炫
马力,朱炫
李松蔚,朱炫
talich,朱炫
张小北,朱炫
magasa,朱炫
黄继新,朱炫
周晓农,朱炫
maggie,朱炫
无耻采铜,朱炫
葛巾,朱炫
张佳玮,朱炫
李淼,朱炫
菠菜,朱炫
cOMMANDO,朱炫
梁边妖,朱炫
Nordenbox,朱炫
warfalcon,朱炫
张亮,朱炫
汪惟,朱炫
马伯庸,朱炫
知乎日报,黄继新
真实故事计划,黄继新
张译,黄继新
Lens,黄继新
中国科普博览,黄继新
刘看山,黄继新
Jennyyy,黄继新
肥肥猫,黄继新
斌卡,黄继新
朱炫,黄继新
梁边妖,黄继新
葛巾,黄继新
陈柏龄,黄继新
李松蔚,黄继新
陈章鱼,黄继新
菠菜,黄继新
程毅南,黄继新
动机在杭州,黄继新
Nordenbox,黄继新
汪惟,黄继新
chenqin,黄继新
warfalcon,黄继新
maggie,黄继新
田吉顺,黄继新
Raymond Wang,黄继新
cOMMANDO,黄继新
李淼,黄继新
无耻采铜,黄继新
张佳玮,黄继新
马伯庸,黄继新
何明科,黄继新
马力,黄继新
李开复,黄继新
张小北,黄继新
magasa,黄继新
周晓农,黄继新
talich,黄继新
张亮,黄继新
周源,黄继新
何明科,梁边妖
马力,梁边妖
Jennyyy,梁边妖
肥肥猫,梁边妖
寺主人,梁边妖
马伯庸,梁边妖
李松蔚,梁边妖
陈柏龄,梁边妖
斌卡,梁边妖
张亮,梁边妖
田吉顺,梁边妖
周源,梁边妖
warfalcon,梁边妖
程毅南,梁边妖
黄继新,梁边妖
汪惟,梁边妖
cOMMANDO,梁边妖
菠菜,梁边妖
动机在杭州,梁边妖
无耻采铜,梁边妖
maggie,梁边妖
maggie,葛巾
张小北,葛巾
肥肥猫,葛巾
陈柏龄,葛巾
斌卡,葛巾
马伯庸,葛巾
动机在杭州,葛巾
田吉顺,葛巾
张佳玮,葛巾
朱炫,葛巾
李松蔚,葛巾
Nordenbox,葛巾
汪惟,葛巾
张亮,葛巾
周晓农,葛巾
chenqin,葛巾
李淼,葛巾
马力,葛巾
无耻采铜,葛巾
magasa,葛巾
陈章鱼,葛巾
Raymond Wang,葛巾
菠菜,葛巾
黄继新,葛巾
周源,葛巾
汪惟,马伯庸
梁边妖,马伯庸
朱炫,马伯庸
动机在杭州,马伯庸
Raymond Wang,马伯庸
周晓农,马伯庸
无耻采铜,马伯庸
葛巾,马伯庸
周源,马伯庸
张佳玮,马伯庸
cOMMANDO,马伯庸
黄继新,马伯庸
李开复,马伯庸
张亮,马伯庸
斌卡,cOMMANDO
汪惟,cOMMANDO
黄继新,cOMMANDO
KnowYourself,cOMMANDO
张佳玮,cOMMANDO
朱炫,cOMMANDO
梁边妖,cOMMANDO
马伯庸,cOMMANDO
李松蔚,cOMMANDO
Raymond Wang,cOMMANDO
周晓农,cOMMANDO
Nordenbox,cOMMANDO
李淼,cOMMANDO
张译,中国科普博览
丁香医生,中国科普博览
穷游锦囊,中国科普博览
黄继新,中国科普博览
知乎日报,程毅南
何明科,程毅南
汪惟,程毅南
cOMMANDO,程毅南
梁边妖,程毅南
田吉顺,程毅南
葛巾,程毅南
陈柏龄,程毅南
chenqin,程毅南
陈章鱼,程毅南
张亮,程毅南
maggie,程毅南
talich,程毅南
magasa,程毅南
动机在杭州,程毅南
张佳玮,程毅南
Raymond Wang,程毅南
周晓农,程毅南
李淼,程毅南
黄继新,程毅南
周源,程毅南
穷游锦囊,田吉顺
中国科普博览,田吉顺
真实故事计划,田吉顺
下厨房,田吉顺
KnowYourself,田吉顺
丁香医生,田吉顺
张译,田吉顺
寺主人,田吉顺
葛巾,田吉顺
动机在杭州,田吉顺
梁边妖,田吉顺
朱炫,田吉顺
程毅南,田吉顺
李松蔚,田吉顺
Raymond Wang,田吉顺
warfalcon,田吉顺
Nordenbox,田吉顺
chenqin,田吉顺
周晓农,田吉顺
无耻采铜,田吉顺
张小北,田吉顺
李淼,田吉顺
马伯庸,田吉顺
magasa,田吉顺
张佳玮,田吉顺
maggie,田吉顺
talich,田吉顺
黄继新,田吉顺
丁香医生,Nordenbox
KnowYourself,Nordenbox
程毅南,Nordenbox
动机在杭州,Nordenbox
张亮,Nordenbox
马伯庸,Nordenbox
无耻采铜,Nordenbox
葛巾,Nordenbox
李松蔚,Nordenbox
cOMMANDO,Nordenbox
周源,Nordenbox
田吉顺,Nordenbox
张佳玮,Nordenbox
Raymond Wang,Nordenbox
周晓农,Nordenbox
chenqin,Nordenbox
talich,Nordenbox
maggie,Nordenbox
黄继新,Nordenbox
张小北,Nordenbox
magasa,Nordenbox
cOMMANDO,talich
周晓农,talich
田吉顺,talich
张佳玮,talich
chenqin,talich
无耻采铜,talich
Raymond Wang,talich
maggie,talich
Nordenbox,talich
李淼,talich
张小北,talich
黄继新,talich
magasa,talich
周源,talich
张亮,talich
真实故事计划,Raymond Wang
张译,Raymond Wang
动机在杭州,Raymond Wang
何明科,Raymond Wang
李松蔚,Raymond Wang
李开复,Raymond Wang
肥肥猫,Raymond Wang
张小北,Raymond Wang
王尼玛,Raymond Wang
马伯庸,Raymond Wang
葛巾,Raymond Wang
cOMMANDO,Raymond Wang
程毅南,Raymond Wang
李淼,Raymond Wang
汪惟,Raymond Wang
Nordenbox,Raymond Wang
magasa,Raymond Wang
马力,Raymond Wang
chenqin,Raymond Wang
张佳玮,Raymond Wang
田吉顺,Raymond Wang
周源,Raymond Wang
talich,Raymond Wang
黄继新,Raymond Wang
张亮,Raymond Wang
汪惟,magasa
葛巾,magasa
Raymond Wang,magasa
maggie,magasa
张佳玮,magasa
Nordenbox,magasa
张亮,magasa
张小北,magasa
黄继新,magasa
talich,magasa
张小北,丁香医生
李松蔚,丁香医生
知乎日报,丁香医生
真实故事计划,丁香医生
warfalcon,丁香医生
动机在杭州,丁香医生
chenqin,丁香医生
张亮,丁香医生
KnowYourself,丁香医生
Lens,丁香医生
穷游锦囊,丁香医生
张佳玮,丁香医生
王尼玛,丁香医生
下厨房,丁香医生
寺主人,丁香医生
中国科普博览,丁香医生
vczh,丁香医生
田吉顺,丁香医生
马伯庸,丁香医生
中国科普博览,张佳玮
马伯庸,张佳玮
cOMMANDO,张佳玮
葛巾,张佳玮
程毅南,张佳玮
田吉顺,张佳玮
maggie,张佳玮
Nordenbox,张佳玮
动机在杭州,张佳玮
无耻采铜,张佳玮
talich,张佳玮
Raymond Wang,张佳玮
李淼,张佳玮
周源,张佳玮
magasa,张佳玮
黄继新,张佳玮
张亮,张佳玮
汪惟,陈章鱼
丁香医生,陈章鱼
寺主人,陈章鱼
cOMMANDO,陈章鱼
下厨房,陈章鱼
中国科普博览,陈章鱼
张佳玮,陈章鱼
黄继新,陈章鱼
Raymond Wang,陈章鱼
菠菜,陈章鱼
chenqin,陈章鱼
李松蔚,陈章鱼
葛巾,陈章鱼
周源,陈章鱼
张亮,陈章鱼
李开复,陈章鱼
周晓农,陈章鱼
talich,陈章鱼
warfalcon,陈章鱼
maggie,陈章鱼
动机在杭州,陈章鱼
马伯庸,陈章鱼
何明科,warfalcon
Jennyyy,warfalcon
肥肥猫,warfalcon
寺主人,warfalcon
vczh,warfalcon
斌卡,warfalcon
cOMMANDO,warfalcon
朱炫,warfalcon
马伯庸,warfalcon
梁边妖,warfalcon
高科,warfalcon
李松蔚,warfalcon
葛巾,warfalcon
张佳玮,warfalcon
陈柏龄,warfalcon
菠菜,warfalcon
陈章鱼,warfalcon
程毅南,warfalcon
汪惟,warfalcon
Nordenbox,warfalcon
马力,warfalcon
talich,warfalcon
动机在杭州,warfalcon
田吉顺,warfalcon
maggie,warfalcon
chenqin,warfalcon
无耻采铜,warfalcon
magasa,warfalcon
张小北,warfalcon
李淼,warfalcon
Raymond Wang,warfalcon
黄继新,warfalcon
周晓农,warfalcon
李开复,warfalcon
周源,warfalcon
张亮,warfalcon
KnowYourself,何明科
马力,何明科
无耻采铜,何明科
程毅南,何明科
朱炫,何明科
菠菜,何明科
梁边妖,何明科
chenqin,何明科
Raymond Wang,何明科
田吉顺,何明科
李淼,何明科
周源,何明科
黄继新,何明科
李开复,何明科
斌卡,vczh
丁香医生,vczh
cOMMANDO,vczh
张佳玮,vczh
李淼,vczh
中国科普博览,vczh
寺主人,vczh
无耻采铜,vczh
葛巾,vczh
黄继新,vczh
梁边妖,vczh
马伯庸,vczh
刘看山,汪惟
周源,汪惟
何明科,汪惟
肥肥猫,汪惟
动机在杭州,汪惟
马力,汪惟
magasa,汪惟
张小北,汪惟
朱炫,汪惟
Nordenbox,汪惟
李松蔚,汪惟
程毅南,汪惟
马伯庸,汪惟
陈柏龄,汪惟
斌卡,汪惟
梁边妖,汪惟
chenqin,汪惟
葛巾,汪惟
张佳玮,汪惟
Raymond Wang,汪惟
菠菜,汪惟
张亮,汪惟
warfalcon,汪惟
talich,汪惟
李淼,汪惟
周晓农,汪惟
李开复,汪惟
cOMMANDO,汪惟
KnowYourself,张小北
chenqin,张小北
丁香医生,张小北
张译,张小北
葛巾,张小北
汪惟,张小北
cOMMANDO,张小北
李松蔚,张小北
无耻采铜,张小北
Raymond Wang,张小北
李淼,张小北
maggie,张小北
李开复,张小北
Nordenbox,张小北
马伯庸,张小北
周源,张小北
talich,张小北
magasa,张小北
黄继新,张小北
张亮,张小北
张小北,马力
知乎日报,马力
汪惟,马力
chenqin,马力
陈章鱼,马力
王尼玛,马力
斌卡,马力
刘看山,马力
朱炫,马力
张译,马力
warfalcon,马力
马伯庸,马力
肥肥猫,马力
何明科,马力
梁边妖,马力
寺主人,马力
动机在杭州,马力
Raymond Wang,马力
李淼,马力
葛巾,马力
周晓农,马力
张佳玮,马力
cOMMANDO,马力
maggie,马力
无耻采铜,马力
talich,马力
李开复,马力
黄继新,马力
汪惟,下厨房
丁香医生,下厨房
Lens,下厨房
KnowYourself,下厨房
穷游锦囊,下厨房
马伯庸,知乎日报
中国科普博览,知乎日报
丁香医生,知乎日报
cOMMANDO,知乎日报
张亮,知乎日报
张佳玮,知乎日报
程毅南,知乎日报
马力,知乎日报
chenqin,知乎日报
汪惟,知乎日报
张小北,知乎日报
张译,知乎日报
magasa,知乎日报
知科技,知乎日报
刘看山,知乎日报
黄继新,知乎日报
周源,知乎日报
周源,知科技
刘看山,知科技
知乎日报,知科技
马伯庸,刘看山
cOMMANDO,刘看山
知科技,刘看山
中国科普博览,刘看山
李淼,刘看山
王尼玛,刘看山
知乎日报,刘看山
程毅南,刘看山
Lens,刘看山
maggie,刘看山
黄继新,刘看山
寺主人,刘看山
汪惟,刘看山
陈章鱼,刘看山
葛巾,刘看山
KnowYourself,刘看山
chenqin,刘看山
talich,刘看山
张译,刘看山
Nordenbox,刘看山
丁香医生,刘看山
马力,刘看山
梁边妖,刘看山
张小北,刘看山
张佳玮,刘看山
李开复,刘看山
周源,刘看山
张亮,刘看山
张小北,张译
周源,张译
黄继新,张译
知乎日报,周晓农
中国科普博览,周晓农
陈柏龄,周晓农
cOMMANDO,周晓农
动机在杭州,周晓农
葛巾,周晓农
李松蔚,周晓农
chenqin,周晓农
马力,周晓农
陈章鱼,周晓农
程毅南,周晓农
Nordenbox,周晓农
warfalcon,周晓农
Raymond Wang,周晓农
田吉顺,周晓农
无耻采铜,周晓农
张佳玮,周晓农
maggie,周晓农
李淼,周晓农
张小北,周晓农
talich,周晓农
magasa,周晓农
李开复,周晓农
黄继新,周晓农
周源,周晓农
张亮,周晓农
刘看山,寺主人
KnowYourself,寺主人
丁香医生,寺主人
magasa,寺主人
vczh,寺主人
汪惟,寺主人
李开复,寺主人
肥肥猫,寺主人
cOMMANDO,寺主人
张小北,寺主人
talich,寺主人
斌卡,寺主人
陈章鱼,寺主人
周晓农,寺主人
程毅南,寺主人
李松蔚,寺主人
动机在杭州,寺主人
高科,寺主人
chenqin,寺主人
陈柏龄,寺主人
maggie,寺主人
马伯庸,寺主人
菠菜,寺主人
葛巾,寺主人
Nordenbox,寺主人
Jennyyy,寺主人
张佳玮,寺主人
warfalcon,寺主人
Raymond Wang,寺主人
梁边妖,寺主人
李淼,寺主人
田吉顺,寺主人
黄继新,寺主人
朱炫,寺主人
周源,寺主人
马力,寺主人
李淼,李松蔚
chenqin,李松蔚
高科,李松蔚
汪惟,李松蔚
朱炫,李松蔚
梁边妖,李松蔚
maggie,李松蔚
李开复,李松蔚
周源,李松蔚
葛巾,李松蔚
Nordenbox,李松蔚
马伯庸,李松蔚
菠菜,李松蔚
田吉顺,李松蔚
黄继新,李松蔚
cOMMANDO,李松蔚
动机在杭州,李松蔚
Raymond Wang,李松蔚
张亮,李松蔚
张佳玮,李松蔚
warfalcon,李松蔚
周晓农,李松蔚
magasa,李松蔚
张小北,李松蔚
张佳玮,真实故事计划
张亮,真实故事计划
Lens,真实故事计划
张译,真实故事计划
丁香医生,真实故事计划
丁香医生,KnowYourself
Lens,KnowYourself
寺主人,KnowYourself
黄继新,KnowYourself
动机在杭州,KnowYourself
Jennyyy,菠菜
梁边妖,菠菜
talich,菠菜
cOMMANDO,菠菜
朱炫,菠菜
马伯庸,菠菜
李松蔚,菠菜
warfalcon,菠菜
无耻采铜,菠菜
Raymond Wang,菠菜
葛巾,菠菜
张佳玮,菠菜
陈柏龄,菠菜
Nordenbox,菠菜
陈章鱼,菠菜
maggie,菠菜
动机在杭州,菠菜
汪惟,菠菜
李开复,Jennyyy
无耻采铜,Jennyyy
magasa,Jennyyy
cOMMANDO,Jennyyy
talich,Jennyyy
warfalcon,Jennyyy
动机在杭州,Jennyyy
陈柏龄,Jennyyy
斌卡,Jennyyy
chenqin,Jennyyy
马伯庸,Jennyyy
张亮,Jennyyy
肥肥猫,Jennyyy
黄继新,Jennyyy
菠菜,Jennyyy
梁边妖,Jennyyy
张佳玮,Jennyyy
葛巾,Jennyyy
高科,Jennyyy
程毅南,Jennyyy
Raymond Wang,Jennyyy
李松蔚,Jennyyy
张小北,高科
梁边妖,高科
张亮,高科
李淼,高科
vczh,高科
Jennyyy,高科
寺主人,高科
中国科普博览,高科
菠菜,高科
动机在杭州,高科
无耻采铜,高科
李松蔚,高科
周晓农,高科
warfalcon,高科
田吉顺,高科
陈柏龄,高科
丁香医生,Lens
穷游锦囊,Lens
真实故事计划,Lens
KnowYourself,Lens
周源,Lens
黄继新,Lens
张亮,Lens
